title,application,skills
Senior Python Developer,N/A,"Payne, Roberts and Davis"
Energy engineer,N/A,Vasquez-Davidson
Legal executive,N/A,"Jackson, Chambers and Levy"
Fitness centre manager,N/A,Savage-Bradley
Product manager,N/A,Ramirez Inc
Medical technical officer,N/A,Rogers-Yates
Physiological scientist,N/A,Kramer-Klein
Textile designer,N/A,Meyers-Johnson
Television floor manager,N/A,Hughes-Williams
Waste management officer,N/A,"Jones, Williams and Villa"
Software Engineer (Python),N/A,Garcia PLC
Interpreter,N/A,Gregory and Sons
Architect,N/A,"Clark, Garcia and Sosa"
Meteorologist,N/A,Bush PLC
Audiological scientist,N/A,Salazar-Meyers
English as a second language teacher,N/A,"Parker, Murphy and Brooks"
Surgeon,N/A,Cruz-Brown
Equities trader,N/A,Macdonald-Ferguson
Newspaper journalist,N/A,"Williams, Peterson and Rojas"
Materials engineer,N/A,Smith and Sons
Python Programmer (Entry-Level),N/A,"Moss, Duncan and Allen"
Product/process development scientist,N/A,Gomez-Carroll
"Scientist, research (maths)",N/A,"Manning, Welch and Herring"
Ecologist,N/A,"Lee, Gutierrez and Brown"
Materials engineer,N/A,"Davis, Serrano and Cook"
Historic buildings inspector/conservation officer,N/A,Smith LLC
Data scientist,N/A,Thomas Group
Psychiatrist,N/A,Silva-King
Structural engineer,N/A,Pierce-Long
Immigration officer,N/A,Walker-Simpson
Python Programmer (Entry-Level),N/A,Cooper and Sons
Neurosurgeon,N/A,"Donovan, Gonzalez and Figueroa"
Broadcast engineer,N/A,"Morgan, Butler and Bennett"
Make,N/A,Snyder-Lee
"Nurse, adult",N/A,Harris PLC
Air broker,N/A,Washington PLC
"Editor, film/video",N/A,"Brown, Price and Campbell"
"Production assistant, radio",N/A,Mcgee PLC
"Engineer, communications",N/A,Dixon Inc
Sales executive,N/A,"Thompson, Sheppard and Ward"
Software Developer (Python),N/A,Adams-Brewer
Futures trader,N/A,Schneider-Brady
Tour manager,N/A,Gonzales-Frank
Cytogeneticist,N/A,Smith-Wong
"Designer, multimedia",N/A,Pierce-Herrera
Trade union research officer,N/A,"Aguilar, Rivera and Quinn"
"Chemist, analytical",N/A,"Lowe, Barnes and Thomas"
"Programmer, multimedia",N/A,"Lewis, Gonzalez and Vasquez"
"Engineer, broadcasting (operations)",N/A,Taylor PLC
"Teacher, primary school",N/A,"Oliver, Jones and Ramirez"
Python Developer,N/A,Rivera and Sons
Manufacturing systems engineer,N/A,Garcia PLC
"Producer, television/film/video",N/A,"Johnson, Wells and Kramer"
"Scientist, forensic",N/A,Gonzalez LLC
Bonds trader,N/A,"Morgan, White and Macdonald"
Editorial assistant,N/A,Robinson-Fitzpatrick
Photographer,N/A,"Waters, Wilson and Hoover"
Retail banker,N/A,Hill LLC
Jewellery designer,N/A,Li-Gregory
Ophthalmologist,N/A,"Fisher, Ryan and Coleman"
"Back-End Web Developer (Python, Django)",N/A,Stewart-Alexander
Licensed conveyancer,N/A,Abbott and Sons
Futures trader,N/A,"Bryant, Santana and Davenport"
Counselling psychologist,N/A,Smith PLC
Insurance underwriter,N/A,Patterson-Singh
"Engineer, automotive",N/A,Martinez-Berry
"Producer, radio",N/A,"May, Taylor and Fisher"
Dispensing optician,N/A,"Bailey, Owen and Thompson"
"Designer, fashion/clothing",N/A,Vasquez Ltd
Chartered loss adjuster,N/A,Leblanc LLC
"Back-End Web Developer (Python, Django)",N/A,"Jackson, Ali and Mckee"
Forest/woodland manager,N/A,"Blankenship, Knight and Powell"
Clinical cytogeneticist,N/A,"Patton, Haynes and Jones"
Print production planner,N/A,Wood Inc
Systems developer,N/A,Collins Group
Graphic designer,N/A,Flores-Nelson
Writer,N/A,"Mitchell, Jones and Olson"
Field seismologist,N/A,Howard Group
Chief Strategy Officer,N/A,Kramer-Edwards
Air cabin crew,N/A,Berry-Houston
Python Programmer (Entry-Level),N/A,Mathews Inc
Warden/ranger,N/A,Riley-Johnson
Sports therapist,N/A,Spencer and Sons
Arts development officer,N/A,Camacho-Sanchez
Printmaker,N/A,Oliver and Sons
Health and safety adviser,N/A,Eaton PLC
Manufacturing systems engineer,N/A,Stanley-Frederick
"Programmer, applications",N/A,Bradley LLC
Medical physicist,N/A,"Parker, Goodwin and Zavala"
Media planner,N/A,Kim-Miles
Software Developer (Python),N/A,Moreno-Rodriguez
"Surveyor, land/geomatics",N/A,Brown-Ortiz
Legal executive,N/A,Hartman PLC
"Librarian, academic",N/A,Brooks Inc
Barrister,N/A,Washington-Castillo
Museum/gallery exhibitions officer,N/A,"Nguyen, Yoder and Petty"
"Radiographer, diagnostic",N/A,Holder LLC
Database administrator,N/A,Yates-Ferguson
Furniture designer,N/A,Ortega-Lawrence
Ship broker,N/A,"Fuentes, Walls and Castro"
